year,animal_number,treatment,sex,age_month,infected,infection_day,date,birth,age_days,Total_WBC_ul,PMN_ul,Lymph_ul,Mono_ul,Eos_ul,Baso_ul,%PMN,%Lymph,% Mono,% Eos,%Baso
3,50583,control_H1N1,M,NA,yes,0,2022-10-25T00:00:00Z,2022-05-06T00:00:00Z,172,9400,5640,3760,0,0,0,60,40,0,0,0
3,50583,control_H1N1,M,NA,yes,1,2022-10-26T00:00:00Z,2022-05-06T00:00:00Z,173,9400,6298,3008,94,0,0,67,32,1,0,0
3,50583,control_H1N1,M,NA,yes,2,2022-10-27T00:00:00Z,2022-05-06T00:00:00Z,174,9400,5640,2914,752,94,0,60,31,8,1,0
3,50583,control_H1N1,M,NA,yes,3,2022-10-28T00:00:00Z,2022-05-06T00:00:00Z,175,7600,3192,4256,152,0,0,42,56,2,0,0
3,50583,control_H1N1,M,NA,yes,7,2022-11-01T00:00:00Z,2022-05-06T00:00:00Z,179,7000,3360,3500,70,70,0,48,50,1,1,0
3,50583,control_H1N1,M,NA,yes,11,2022-11-05T00:00:00Z,2022-05-06T00:00:00Z,183,13900,9313,4309,278,0,0,67,31,2,0,0
3,50583,control_H1N1,M,0,no,NA,2022-05-09T00:00:00Z,2022-05-06T00:00:00Z,3,6400,3200,2496,640,64,0,50,39,10,1,0
3,50583,control_H1N1,M,1,no,NA,2022-06-09T00:00:00Z,2022-05-06T00:00:00Z,34,6700,1541,4891,134,134,0,23,73,2,2,0
3,50583,control_H1N1,M,2,no,NA,2022-07-08T00:00:00Z,2022-05-06T00:00:00Z,63,7600,1748,5852,0,0,0,23,77,0,0,0
3,50583,control_H1N1,M,3,no,NA,2022-08-09T00:00:00Z,2022-05-06T00:00:00Z,95,8400,1344,6888,84,84,0,16,82,1,1,0
3,50583,control_H1N1,M,4,no,NA,2022-09-09T00:00:00Z,2022-05-06T00:00:00Z,126,15400,3542,11704,0,154,0,23,76,0,1,0
3,50583,control_H1N1,M,5,no,NA,2022-10-11T00:00:00Z,2022-05-06T00:00:00Z,158,12400,2356,9176,496,372,0,19,74,4,3,0
3,50583,control_H1N1,M,6,no,NA,2022-11-08T00:00:00Z,2022-05-06T00:00:00Z,186,7800,3510,4212,0,78,0,45,54,0,1,0
3,50584,control_H1N1,M,NA,yes,0,2022-10-25T00:00:00Z,2022-05-06T00:00:00Z,172,5700,3876,1710,114,0,0,68,30,2,0,0
3,50584,control_H1N1,M,NA,yes,1,2022-10-26T00:00:00Z,2022-05-06T00:00:00Z,173,7600,5700,1444,380,76,0,75,19,5,1,0
3,50584,control_H1N1,M,NA,yes,2,2022-10-27T00:00:00Z,2022-05-06T00:00:00Z,174,5400,1296,3780,324,0,0,24,70,6,0,0
3,50584,control_H1N1,M,NA,yes,3,2022-10-28T00:00:00Z,2022-05-06T00:00:00Z,175,5200,1820,3224,104,52,0,35,62,2,1,0
3,50584,control_H1N1,M,NA,yes,7,2022-11-01T00:00:00Z,2022-05-06T00:00:00Z,179,9300,5022,4092,93,93,0,54,44,1,1,0
3,50584,control_H1N1,M,NA,yes,11,2022-11-05T00:00:00Z,2022-05-06T00:00:00Z,183,16000,9600,6080,320,0,0,60,38,2,0,0
3,50584,control_H1N1,M,0,no,NA,2022-05-09T00:00:00Z,2022-05-06T00:00:00Z,3,8200,5822,2296,82,0,0,71,28,1,0,0
3,50584,control_H1N1,M,1,no,NA,2022-06-09T00:00:00Z,2022-05-06T00:00:00Z,34,5800,1218,4292,0,290,0,21,74,0,5,0
3,50584,control_H1N1,M,2,no,NA,2022-07-08T00:00:00Z,2022-05-06T00:00:00Z,63,5700,1083,4446,57,114,0,19,78,1,2,0
3,50584,control_H1N1,M,3,no,NA,2022-08-09T00:00:00Z,2022-05-06T00:00:00Z,95,8600,1806,6794,0,0,0,21,79,0,0,0
3,50584,control_H1N1,M,4,no,NA,2022-09-09T00:00:00Z,2022-05-06T00:00:00Z,126,11500,1610,9200,345,345,0,14,80,3,3,0
3,50584,control_H1N1,M,5,no,NA,2022-10-11T00:00:00Z,2022-05-06T00:00:00Z,158,8300,1245,6723,166,166,0,15,81,2,2,0
3,50584,control_H1N1,M,6,no,NA,2022-11-08T00:00:00Z,2022-05-06T00:00:00Z,186,7100,3692,3408,0,0,0,52,48,0,0,0
3,50598,control_H1N1,M,NA,yes,0,2022-10-25T00:00:00Z,2022-05-10T00:00:00Z,168,9500,6365,3135,0,0,0,67,33,0,0,0
3,50598,control_H1N1,M,NA,yes,1,2022-10-26T00:00:00Z,2022-05-10T00:00:00Z,169,11700,9477,1521,702,0,0,81,13,6,0,0
3,50598,control_H1N1,M,NA,yes,2,2022-10-27T00:00:00Z,2022-05-10T00:00:00Z,170,6900,3243,3450,207,0,0,47,50,3,0,0
3,50598,control_H1N1,M,NA,yes,3,2022-10-28T00:00:00Z,2022-05-10T00:00:00Z,171,5600,2464,2800,224,112,0,44,50,4,2,0
3,50598,control_H1N1,M,NA,yes,7,2022-11-01T00:00:00Z,2022-05-10T00:00:00Z,175,10800,3564,6588,540,108,0,33,61,5,1,0
3,50598,control_H1N1,M,NA,yes,11,2022-11-05T00:00:00Z,2022-05-10T00:00:00Z,179,14700,7056,7056,294,294,0,48,48,2,2,0
3,50598,control_H1N1,M,0,no,NA,2022-05-13T00:00:00Z,2022-05-10T00:00:00Z,3,3600,1800,1656,144,0,0,50,46,4,0,0
3,50598,control_H1N1,M,1,no,NA,2022-06-13T00:00:00Z,2022-05-10T00:00:00Z,34,7700,1001,6083,462,154,0,13,79,6,2,0
3,50598,control_H1N1,M,2,no,NA,2022-07-15T00:00:00Z,2022-05-10T00:00:00Z,66,6400,1280,4800,64,256,0,20,75,1,4,0
3,50598,control_H1N1,M,3,no,NA,2022-08-15T00:00:00Z,2022-05-10T00:00:00Z,97,7700,1155,6391,154,0,0,15,83,2,0,0
3,50598,control_H1N1,M,4,no,NA,2022-09-15T00:00:00Z,2022-05-10T00:00:00Z,128,9200,3128,5888,0,184,0,34,64,0,2,0
3,50598,control_H1N1,M,5,no,NA,2022-10-11T00:00:00Z,2022-05-10T00:00:00Z,154,12300,3198,8610,369,123,0,26,70,3,1,0
3,50598,control_H1N1,M,6,no,NA,2022-11-08T00:00:00Z,2022-05-10T00:00:00Z,182,9700,5626,3880,97,97,0,58,40,1,1,0
3,50674,control,M,0,no,NA,2022-05-31T00:00:00Z,2022-05-26T00:00:00Z,5,5700,2964,2109,399,228,0,52,37,7,4,0
3,50674,control,M,1,no,NA,2022-06-30T00:00:00Z,2022-05-26T00:00:00Z,35,8700,4176,4263,174,87,0,48,49,2,1,0
3,50674,control,M,2,no,NA,2022-08-01T00:00:00Z,2022-05-26T00:00:00Z,67,6500,1560,4745,0,195,0,24,73,0,3,0
3,50674,control,M,3,no,NA,2022-08-31T00:00:00Z,2022-05-26T00:00:00Z,97,7300,1460,5402,146,292,0,20,74,2,4,0
3,50674,control,M,4,no,NA,2022-09-30T00:00:00Z,2022-05-26T00:00:00Z,127,5500,2035,3300,0,165,0,37,60,0,3,0
3,50674,control,M,5,no,NA,2022-10-31T00:00:00Z,2022-05-26T00:00:00Z,158,7100,3195,3834,71,0,0,45,54,1,0,0
3,50674,control,M,6,no,NA,2022-12-07T00:00:00Z,2022-05-26T00:00:00Z,195,10400,6032,4264,104,0,0,58,41,1,0,0
3,50691,control,M,0,no,NA,2022-06-07T00:00:00Z,2022-06-03T00:00:00Z,4,4600,2162,2116,276,46,0,47,46,6,1,0
3,50691,control,M,1,no,NA,2022-07-08T00:00:00Z,2022-06-03T00:00:00Z,35,2800,644,2156,0,0,0,23,77,0,0,0
3,50691,control,M,2,no,NA,2022-08-09T00:00:00Z,2022-06-03T00:00:00Z,67,7600,1140,6308,0,152,0,15,83,0,2,0
3,50691,control,M,3,no,NA,2022-09-09T00:00:00Z,2022-06-03T00:00:00Z,98,7200,720,6192,288,0,0,10,86,4,0,0
3,50691,control,M,4,no,NA,2022-10-07T00:00:00Z,2022-06-03T00:00:00Z,126,8700,957,7395,261,87,0,11,85,3,1,0
3,50691,control,M,5,no,NA,2022-11-07T00:00:00Z,2022-06-03T00:00:00Z,157,7500,3750,3450,225,75,0,50,46,3,1,0
3,50691,control,M,6,no,NA,2022-11-18T00:00:00Z,2022-06-03T00:00:00Z,168,17200,10836,4988,1204,172,0,63,29,7,1,0
3,50706,abx_H1N1,M,NA,yes,0,2022-11-29T00:00:00Z,2022-06-10T00:00:00Z,172,10200,7446,2346,306,102,0,73,23,3,1,0
3,50706,abx_H1N1,M,NA,yes,1,2022-11-30T00:00:00Z,2022-06-10T00:00:00Z,173,6600,3366,3168,0,66,0,51,48,0,1,0
3,50706,abx_H1N1,M,NA,yes,2,2022-12-01T00:00:00Z,2022-06-10T00:00:00Z,174,7100,4260,2556,284,0,0,60,36,4,0,0
3,50706,abx_H1N1,M,NA,yes,3,2022-12-02T00:00:00Z,2022-06-10T00:00:00Z,175,6300,2583,3465,189,63,0,41,55,3,1,0
3,50706,abx_H1N1,M,NA,yes,7,2022-12-06T00:00:00Z,2022-06-10T00:00:00Z,179,6000,3300,2580,120,0,0,55,43,2,0,0
3,50706,abx_H1N1,M,NA,yes,11,2022-12-10T00:00:00Z,2022-06-10T00:00:00Z,183,15100,8456,5738,302,604,0,56,38,2,4,0
3,50706,abx_H1N1,M,0,no,NA,2022-06-14T00:00:00Z,2022-06-10T00:00:00Z,4,4900,1519,3185,147,49,0,31,65,3,1,0
3,50706,abx_H1N1,M,1,no,NA,2022-07-15T00:00:00Z,2022-06-10T00:00:00Z,35,4200,1764,2268,168,0,0,42,54,4,0,0
3,50706,abx_H1N1,M,2,no,NA,2022-08-15T00:00:00Z,2022-06-10T00:00:00Z,66,8800,2200,6336,176,88,0,25,72,2,1,0
3,50706,abx_H1N1,M,3,no,NA,2022-09-15T00:00:00Z,2022-06-10T00:00:00Z,97,8100,3321,4779,0,0,0,41,59,0,0,0
3,50706,abx_H1N1,M,4,no,NA,2022-10-14T00:00:00Z,2022-06-10T00:00:00Z,126,10000,3500,6200,0,300,0,35,62,0,3,0
3,50706,abx_H1N1,M,5,no,NA,2022-11-14T00:00:00Z,2022-06-10T00:00:00Z,157,11500,3450,7475,0,575,0,30,65,0,5,0
3,50706,abx_H1N1,M,6,no,NA,2022-12-13T00:00:00Z,2022-06-10T00:00:00Z,186,16500,7920,7095,495,990,0,48,43,3,6,0
3,50722,abx_H1N1,M,NA,yes,0,2022-11-29T00:00:00Z,2022-06-12T00:00:00Z,170,13300,10108,2926,133,133,0,76,22,1,1,0
3,50722,abx_H1N1,M,NA,yes,1,2022-11-30T00:00:00Z,2022-06-12T00:00:00Z,171,9900,6336,3267,198,99,0,64,33,2,1,0
3,50722,abx_H1N1,M,NA,yes,2,2022-12-01T00:00:00Z,2022-06-12T00:00:00Z,172,10300,6489,3296,206,309,0,63,32,2,3,0
3,50722,abx_H1N1,M,NA,yes,3,2022-12-02T00:00:00Z,2022-06-12T00:00:00Z,173,13600,9112,3944,544,0,0,67,29,4,0,0
3,50722,abx_H1N1,M,NA,yes,7,2022-12-06T00:00:00Z,2022-06-12T00:00:00Z,177,7100,3621,3124,355,0,0,51,44,5,0,0
3,50722,abx_H1N1,M,NA,yes,11,2022-12-10T00:00:00Z,2022-06-12T00:00:00Z,181,9700,5723,3783,0,194,0,59,39,0,2,0
3,50722,abx_H1N1,M,0,no,NA,2022-06-16T00:00:00Z,2022-06-12T00:00:00Z,4,3300,1749,1320,198,33,0,53,40,6,1,0
3,50722,abx_H1N1,M,1,no,NA,2022-07-15T00:00:00Z,2022-06-12T00:00:00Z,33,4000,880,3040,40,40,0,22,76,1,1,0
3,50722,abx_H1N1,M,2,no,NA,2022-08-15T00:00:00Z,2022-06-12T00:00:00Z,64,5200,572,4576,52,0,0,11,88,1,0,0
3,50722,abx_H1N1,M,3,no,NA,2022-09-15T00:00:00Z,2022-06-12T00:00:00Z,95,8100,1134,6885,0,81,0,14,85,0,1,0
3,50722,abx_H1N1,M,4,no,NA,2022-10-14T00:00:00Z,2022-06-12T00:00:00Z,124,9500,2470,6365,285,380,0,26,67,3,4,0
3,50722,abx_H1N1,M,5,no,NA,2022-11-14T00:00:00Z,2022-06-12T00:00:00Z,155,11100,3885,7104,111,0,0,35,64,1,0,0
3,50722,abx_H1N1,M,6,no,NA,2022-12-13T00:00:00Z,2022-06-12T00:00:00Z,184,10600,5936,4452,212,0,0,56,42,2,0,0
3,50724,abx_H1N1,M,NA,yes,0,2022-11-29T00:00:00Z,2022-06-16T00:00:00Z,166,6700,5494,1139,67,0,0,82,17,1,0,0
3,50724,abx_H1N1,M,NA,yes,1,2022-11-30T00:00:00Z,2022-06-16T00:00:00Z,167,5300,3074,2014,159,53,0,58,38,3,1,0
3,50724,abx_H1N1,M,NA,yes,2,2022-12-01T00:00:00Z,2022-06-16T00:00:00Z,168,5600,3136,2240,56,168,0,56,40,1,3,0
3,50724,abx_H1N1,M,NA,yes,3,2022-12-02T00:00:00Z,2022-06-16T00:00:00Z,169,6400,4288,1856,128,128,0,67,29,2,2,0
3,50724,abx_H1N1,M,NA,yes,7,2022-12-06T00:00:00Z,2022-06-16T00:00:00Z,173,5400,3240,2106,54,0,0,60,39,1,0,0
3,50724,abx_H1N1,M,NA,yes,11,2022-12-10T00:00:00Z,2022-06-16T00:00:00Z,177,5900,3540,2006,59,295,0,60,34,1,5,0
3,50724,abx_H1N1,M,0,no,NA,2022-06-21T00:00:00Z,2022-06-16T00:00:00Z,5,5900,2301,3245,295,59,0,39,55,5,1,0
3,50724,abx_H1N1,M,1,no,NA,2022-07-22T00:00:00Z,2022-06-16T00:00:00Z,36,7100,1136,5751,142,71,0,16,81,2,1,0
3,50724,abx_H1N1,M,2,no,NA,2022-08-22T00:00:00Z,2022-06-16T00:00:00Z,67,10600,1908,8480,212,0,0,18,80,2,0,0
3,50724,abx_H1N1,M,3,no,NA,2022-09-22T00:00:00Z,2022-06-16T00:00:00Z,98,11600,1508,8816,1044,232,0,13,76,9,2,0
3,50724,abx_H1N1,M,4,no,NA,2022-10-21T00:00:00Z,2022-06-16T00:00:00Z,127,9300,3348,5766,0,186,0,36,62,0,2,0
3,50724,abx_H1N1,M,5,no,NA,2022-11-14T00:00:00Z,2022-06-16T00:00:00Z,151,9700,2037,7469,194,0,0,21,77,2,0,0
3,50724,abx_H1N1,M,6,no,NA,2022-12-13T00:00:00Z,2022-06-16T00:00:00Z,180,8700,3741,4785,174,0,0,43,55,2,0,0
3,50731,abx_fmt,M,0,no,NA,2022-06-24T00:00:00Z,2022-06-21T00:00:00Z,3,3100,1178,1922,0,0,0,38,62,0,0,0
3,50731,abx_fmt,M,1,no,NA,2022-07-22T00:00:00Z,2022-06-21T00:00:00Z,31,5800,1102,4524,0,174,0,19,78,0,3,0
3,50731,abx_fmt,M,2,no,NA,2022-08-22T00:00:00Z,2022-06-21T00:00:00Z,62,7400,1998,5180,0,222,0,27,70,0,3,0
3,50731,abx_fmt,M,3,no,NA,2022-09-22T00:00:00Z,2022-06-21T00:00:00Z,93,6500,1820,4420,65,195,0,28,68,1,3,0
3,50731,abx_fmt,M,4,no,NA,2022-10-21T00:00:00Z,2022-06-21T00:00:00Z,122,7800,1716,5928,78,78,0,22,76,1,1,0
3,50731,abx_fmt,M,5,no,NA,2022-11-22T00:00:00Z,2022-06-21T00:00:00Z,154,9200,1472,7176,92,460,0,16,78,1,5,0
3,50731,abx_fmt,M,6,no,NA,2022-12-29T00:00:00Z,2022-06-21T00:00:00Z,191,18100,3801,13213,905,181,0,21,73,5,1,0
3,50740,abx_fmt,M,0,no,NA,2022-06-30T00:00:00Z,2022-06-27T00:00:00Z,3,5700,2451,2964,171,114,0,43,52,3,2,0
3,50740,abx_fmt,M,1,no,NA,2022-08-01T00:00:00Z,2022-06-27T00:00:00Z,35,3700,888,2701,74,37,0,24,73,2,1,0
3,50740,abx_fmt,M,2,no,NA,2022-08-31T00:00:00Z,2022-06-27T00:00:00Z,65,6900,1380,5382,69,69,0,20,78,1,1,0
3,50740,abx_fmt,M,3,no,NA,2022-09-30T00:00:00Z,2022-06-27T00:00:00Z,95,5800,870,4756,116,58,0,15,82,2,1,0
3,50740,abx_fmt,M,4,no,NA,2022-10-31T00:00:00Z,2022-06-27T00:00:00Z,126,5500,385,4895,110,110,0,7,89,2,2,0
3,50740,abx_fmt,M,5,no,NA,2022-11-30T00:00:00Z,2022-06-27T00:00:00Z,156,6300,693,5544,63,0,0,11,88,1,0,0
3,50740,abx_fmt,M,6,no,NA,2022-12-29T00:00:00Z,2022-06-27T00:00:00Z,185,7200,3960,3096,144,0,0,55,43,2,0,0
3,50752,abx_fmt,M,0,no,NA,2022-07-05T00:00:00Z,2022-06-30T00:00:00Z,5,4400,1628,2508,220,44,0,37,57,5,1,0
3,50752,abx_fmt,M,1,no,NA,2022-08-05T00:00:00Z,2022-06-30T00:00:00Z,36,5600,504,4704,56,336,0,9,84,1,6,0
3,50752,abx_fmt,M,2,no,NA,2022-09-06T00:00:00Z,2022-06-30T00:00:00Z,68,7300,1095,5913,73,219,0,15,81,1,3,0
3,50752,abx_fmt,M,3,no,NA,2022-10-07T00:00:00Z,2022-06-30T00:00:00Z,99,7800,1404,6162,156,78,0,18,79,2,1,0
3,50752,abx_fmt,M,4,no,NA,2022-11-07T00:00:00Z,2022-06-30T00:00:00Z,130,6800,1428,5100,136,136,0,21,75,2,2,0
3,50752,abx_fmt,M,5,no,NA,2022-12-05T00:00:00Z,2022-06-30T00:00:00Z,158,8200,1804,6396,0,0,0,22,78,0,0,0
3,50752,abx_fmt,M,6,no,NA,2023-01-12T00:00:00Z,2022-06-30T00:00:00Z,196,7100,3408,3408,213,71,0,48,48,3,1,0
3,50776,abx_fmt,M,0,no,NA,2022-07-21T00:00:00Z,2022-07-18T00:00:00Z,3,5500,1540,3520,220,220,0,28,64,4,4,0
3,50776,abx_fmt,M,1,no,NA,2022-08-22T00:00:00Z,2022-07-18T00:00:00Z,35,6700,1072,5494,0,134,0,16,82,0,2,0
3,50776,abx_fmt,M,2,no,NA,2022-09-22T00:00:00Z,2022-07-18T00:00:00Z,66,7300,1533,5548,146,73,0,21,76,2,1,0
3,50776,abx_fmt,M,3,no,NA,2022-10-21T00:00:00Z,2022-07-18T00:00:00Z,95,7000,1540,5460,0,0,0,22,78,0,0,0
3,50776,abx_fmt,M,4,no,NA,2022-11-22T00:00:00Z,2022-07-18T00:00:00Z,127,8900,979,7832,89,0,0,11,88,1,0,0
3,50776,abx_fmt,M,5,no,NA,2022-12-13T00:00:00Z,2022-07-18T00:00:00Z,148,12400,1612,9796,124,868,0,13,79,1,7,0
3,50776,abx_fmt,M,6,no,NA,2023-01-12T00:00:00Z,2022-07-18T00:00:00Z,178,9500,2470,6935,95,0,0,26,73,1,0,0
1,47453,control,M,6,no,"NA",2018-11-30T00:00:00Z,2018-05-26T00:00:00Z,188,10900,4142,6213,0,545,0,38,57,0,5,0
1,47453,control,M,4,no,"NA",2018-10-01T00:00:00Z,2018-05-26T00:00:00Z,128,13300,1862,11039,133,266,0,14,83,1,2,0
1,47453,control,M,3,no,"NA",2018-08-31T00:00:00Z,2018-05-26T00:00:00Z,97,9000,1350,7020,90,450,0,15,78,1,5,0
1,47453,control,M,2,no,"NA",2018-07-31T00:00:00Z,2018-05-26T00:00:00Z,66,7800,1404,6162,0,234,0,18,79,0,3,0
1,47453,control,M,1,no,"NA",2018-07-02T00:00:00Z,2018-05-26T00:00:00Z,37,8300,1992,5893,0,415,0,24,71,0,5,0
1,47453,control,M,0,no,"NA",2018-05-30T00:00:00Z,2018-05-26T00:00:00Z,4,5700,2223,2964,228,171,0,39,52,4,3,0
1,47455,control,F,6,no,"NA",2018-11-30T00:00:00Z,2018-05-27T00:00:00Z,187,10900,5886,4905,109,0,0,54,45,1,0,0
1,47455,control,F,4,no,"NA",2018-10-01T00:00:00Z,2018-05-27T00:00:00Z,127,12000,3000,8760,120,120,0,25,73,1,1,0
1,47455,control,F,3,no,"NA",2018-08-31T00:00:00Z,2018-05-27T00:00:00Z,96,7600,1140,6156,152,152,0,15,81,2,2,0
1,47455,control,F,2,no,"NA",2018-07-31T00:00:00Z,2018-05-27T00:00:00Z,65,9200,1288,7728,92,92,0,14,84,1,1,0
1,47455,control,F,1,no,"NA",2018-07-02T00:00:00Z,2018-05-27T00:00:00Z,36,5600,1400,4032,56,112,0,25,72,1,2,0
1,47455,control,F,0,no,"NA",2018-05-31T00:00:00Z,2018-05-27T00:00:00Z,4,5500,1815,2695,715,275,0,33,49,13,5,0
1,47457,control,F,6,no,"NA",2018-11-30T00:00:00Z,2018-05-28T00:00:00Z,186,19800,16434,2970,0,396,0,83,15,0,2,0
1,47457,control,F,4,no,"NA",2018-10-01T00:00:00Z,2018-05-28T00:00:00Z,126,9700,3395,5917,97,291,0,35,61,1,3,0
1,47457,control,F,3,no,"NA",2018-08-31T00:00:00Z,2018-05-28T00:00:00Z,95,6600,2112,3960,330,198,0,32,60,5,3,0
1,47457,control,F,2,no,"NA",2018-07-31T00:00:00Z,2018-05-28T00:00:00Z,64,6900,2070,4692,69,69,0,30,68,1,1,0
1,47457,control,F,1,no,"NA",2018-07-02T00:00:00Z,2018-05-28T00:00:00Z,35,6800,2176,4080,68,476,0,32,60,1,7,0
1,47457,control,F,0,no,"NA",2018-06-01T00:00:00Z,2018-05-28T00:00:00Z,4,7700,3542,3465,616,77,0,46,45,8,1,0
1,47467,control,M,6,no,"NA",2018-12-05T00:00:00Z,2018-05-31T00:00:00Z,188,9100,6188,2912,0,0,0,68,32,0,0,0
1,47467,control,M,5,no,"NA",2018-11-05T00:00:00Z,2018-05-31T00:00:00Z,158,6100,2257,3843,0,0,0,37,63,0,0,0
1,47467,control,M,4,no,"NA",2018-10-03T00:00:00Z,2018-05-31T00:00:00Z,125,7100,2627,4189,71,213,0,37,59,1,3,0
1,47467,control,M,3,no,"NA",2018-09-04T00:00:00Z,2018-05-31T00:00:00Z,96,5700,1254,4389,0,57,0,22,77,0,1,0
1,47467,control,M,2,no,"NA",2018-08-06T00:00:00Z,2018-05-31T00:00:00Z,67,8100,1053,6885,162,0,0,13,85,2,0,0
1,47467,control,M,1,no,"NA",2018-07-06T00:00:00Z,2018-05-31T00:00:00Z,36,6300,1386,4851,63,0,0,22,77,1,0,0
1,47467,control,M,0,no,"NA",2018-06-04T00:00:00Z,2018-05-31T00:00:00Z,4,4000,880,3000,0,120,0,22,75,0,3,0
1,47470,control,M,6,no,"NA",2018-12-05T00:00:00Z,2018-06-01T00:00:00Z,187,12100,9559,2541,0,0,0,79,21,0,0,0
1,47470,control,M,5,no,"NA",2018-11-05T00:00:00Z,2018-06-01T00:00:00Z,157,10500,6090,4410,0,0,0,58,42,0,0,0
1,47470,control,M,4,no,"NA",2018-10-03T00:00:00Z,2018-06-01T00:00:00Z,124,9300,2976,5859,0,465,0,32,63,0,5,0
1,47470,control,M,3,no,"NA",2018-09-04T00:00:00Z,2018-06-01T00:00:00Z,95,8900,2581,5963,0,356,0,29,67,0,4,0
1,47470,control,M,2,no,"NA",2018-08-06T00:00:00Z,2018-06-01T00:00:00Z,66,13800,3312,10074,0,414,0,24,73,0,3,0
1,47470,control,M,1,no,"NA",2018-07-06T00:00:00Z,2018-06-01T00:00:00Z,35,12000,2520,9000,240,240,0,21,75,2,2,0
1,47470,control,M,0,no,"NA",2018-06-05T00:00:00Z,2018-06-01T00:00:00Z,4,16700,10187,5678,835,0,0,61,34,5,0,0
1,47487,control,F,6,no,"NA",2018-12-05T00:00:00Z,2018-06-07T00:00:00Z,181,11000,8030,2970,0,0,0,73,27,0,0,0
1,47487,control,F,5,no,"NA",2018-11-05T00:00:00Z,2018-06-07T00:00:00Z,151,7300,2044,4964,219,73,0,28,68,3,1,0
1,47487,control,F,4,no,"NA",2018-10-11T00:00:00Z,2018-06-07T00:00:00Z,126,7000,2310,4550,140,0,0,33,65,2,0,0
1,47487,control,F,3,no,"NA",2018-09-11T00:00:00Z,2018-06-07T00:00:00Z,96,6600,1848,4356,198,198,0,28,66,3,3,0
1,47487,control,F,2,no,"NA",2018-08-13T00:00:00Z,2018-06-07T00:00:00Z,67,5200,1664,3224,104,200,0,32,62,2,4,0
1,47487,control,F,1,no,"NA",2018-07-11T00:00:00Z,2018-06-07T00:00:00Z,34,6400,1664,4544,0,192,0,26,71,0,3,0
1,47487,control,F,0,no,"NA",2018-06-11T00:00:00Z,2018-06-07T00:00:00Z,4,8900,6052,2403,89,356,0,68,27,1,4,0
1,47505,abx,M,6,no,"NA",2018-12-18T00:00:00Z,2018-06-13T00:00:00Z,188,6000,3720,2280,0,0,0,62,38,0,0,0
1,47505,abx,M,4,no,"NA",2018-10-18T00:00:00Z,2018-06-13T00:00:00Z,127,7500,2325,4950,150,75,0,31,66,2,1,0
1,47505,abx,M,3,no,"NA",2018-09-18T00:00:00Z,2018-06-13T00:00:00Z,97,5000,2000,3000,0,0,0,40,60,0,0,0
1,47505,abx,M,2,no,"NA",2018-08-20T00:00:00Z,2018-06-13T00:00:00Z,68,5700,1710,3819,114,57,0,30,67,2,1,0
1,47505,abx,M,1,no,"NA",2018-07-20T00:00:00Z,2018-06-13T00:00:00Z,37,7500,2475,4575,150,300,0,33,61,2,4,0
1,47505,abx,M,0,no,"NA",2018-06-18T00:00:00Z,2018-06-13T00:00:00Z,5,8900,5251,3382,267,0,0,59,38,3,0,0
1,47510,abx,F,6,no,"NA",2018-12-18T00:00:00Z,2018-06-14T00:00:00Z,187,7600,5396,2204,0,0,0,71,29,0,0,0
1,47510,abx,F,4,no,"NA",2018-10-18T00:00:00Z,2018-06-14T00:00:00Z,126,6500,1170,5200,130,0,0,18,80,2,0,0
1,47510,abx,F,3,no,"NA",2018-09-18T00:00:00Z,2018-06-14T00:00:00Z,96,6200,1116,5084,0,0,0,18,82,0,0,0
1,47510,abx,F,2,no,"NA",2018-08-20T00:00:00Z,2018-06-14T00:00:00Z,67,5400,2268,3078,0,54,0,42,57,0,1,0
1,47510,abx,F,1,no,"NA",2018-07-20T00:00:00Z,2018-06-14T00:00:00Z,36,5300,795,4505,0,0,0,15,85,0,0,0
1,47510,abx,F,0,no,"NA",2018-06-18T00:00:00Z,2018-06-14T00:00:00Z,4,5900,2773,2596,472,59,0,47,44,8,1,0
1,47538,abx,M,6,no,"NA",2019-01-09T00:00:00Z,2018-06-27T00:00:00Z,196,18100,8869,8688,362,181,0,49,48,2,1,0
1,47538,abx,M,5,no,"NA",2018-12-07T00:00:00Z,2018-06-27T00:00:00Z,163,7100,1491,5254,284,71,0,21,74,4,1,0
1,47538,abx,M,4,no,"NA",2018-11-05T00:00:00Z,2018-06-27T00:00:00Z,131,8400,2352,5796,0,252,0,28,69,0,3,0
1,47538,abx,M,3,no,"NA",2018-10-03T00:00:00Z,2018-06-27T00:00:00Z,98,9100,2093,6522,455,0,0,23,72,5,0,0
1,47538,abx,M,2,no,"NA",2018-09-04T00:00:00Z,2018-06-27T00:00:00Z,69,5700,2052,3477,0,171,0,36,61,0,3,0
1,47538,abx,M,1,no,"NA",2018-08-02T00:00:00Z,2018-06-27T00:00:00Z,36,8000,4640,2720,560,80,0,58,34,7,1,0
1,47538,abx,M,0,no,"NA",2018-07-02T00:00:00Z,2018-06-27T00:00:00Z,5,7800,4290,3198,0,312,0,55,41,0,4,0
1,47548,abx,M,6,no,"NA",2019-01-09T00:00:00Z,2018-07-05T00:00:00Z,188,10700,5504,4708,420,0,0,52,44,4,0,0
1,47548,abx,M,5,no,"NA",2018-12-07T00:00:00Z,2018-07-05T00:00:00Z,155,3400,884,2380,34,102,0,26,70,1,3,0
1,47548,abx,M,4,no,"NA",2018-11-09T00:00:00Z,2018-07-05T00:00:00Z,127,6000,1020,4740,120,120,0,17,79,2,2,0
1,47548,abx,M,3,no,"NA",2018-10-09T00:00:00Z,2018-07-05T00:00:00Z,96,6400,2048,4224,64,64,0,32,66,1,1,0
1,47548,abx,M,2,no,"NA",2018-09-10T00:00:00Z,2018-07-05T00:00:00Z,67,4700,611,3948,0,141,0,13,84,0,3,0
1,47548,abx,M,1,no,"NA",2018-08-09T00:00:00Z,2018-07-05T00:00:00Z,35,3500,770,2590,105,35,0,22,74,3,1,0
1,47548,abx,M,0,no,"NA",2018-07-09T00:00:00Z,2018-07-05T00:00:00Z,4,5300,3021,2120,53,106,0,57,40,1,2,0
1,47549,abx,F,6,no,"NA",2019-01-09T00:00:00Z,2018-07-05T00:00:00Z,191,8900,5424,3293,89,89,0,61,37,1,1,0
1,47549,abx,F,5,no,"NA",2018-12-07T00:00:00Z,2018-07-05T00:00:00Z,125,8300,1494,6474,166,166,0,18,78,2,2,0
1,47549,abx,F,4,no,"NA",2018-11-09T00:00:00Z,2018-07-05T00:00:00Z,96,7500,900,6225,150,225,0,12,83,2,3,0
1,47549,abx,F,3,no,"NA",2018-10-09T00:00:00Z,2018-07-05T00:00:00Z,66,7000,1330,5320,210,140,0,19,76,3,2,0
1,47549,abx,F,2,no,"NA",2018-09-10T00:00:00Z,2018-07-05T00:00:00Z,37,6800,1292,5168,272,68,0,19,76,4,1,0
1,47549,abx,F,1,no,"NA",2018-08-09T00:00:00Z,2018-07-05T00:00:00Z,4,4100,738,3198,82,82,0,18,78,2,2,0
1,47549,abx,F,0,no,"NA",2018-07-09T00:00:00Z,2018-07-05T00:00:00Z,4,5100,2754,2040,102,153,0,54,40,2,3,0
1,47551,abx,F,6,no,"NA",2019-01-14T00:00:00Z,2018-07-07T00:00:00Z,NA,9400,6956,2256,94,94,0,74,24,1,1,0
1,47551,abx,F,4,no,"NA",2018-11-09T00:00:00Z,2018-07-07T00:00:00Z,125,6800,1700,5032,68,0,0,25,74,1,0,0
1,47551,abx,F,3,no,"NA",2018-10-11T00:00:00Z,2018-07-07T00:00:00Z,96,6000,1620,4260,0,120,0,27,71,0,2,0
1,47551,abx,F,2,no,"NA",2018-09-11T00:00:00Z,2018-07-07T00:00:00Z,66,7400,2146,5032,0,222,0,29,68,0,3,0
1,47551,abx,F,1,no,"NA",2018-08-13T00:00:00Z,2018-07-07T00:00:00Z,37,4800,768,4032,0,0,0,16,84,0,0,0
1,47551,abx,F,0,no,"NA",2018-07-11T00:00:00Z,2018-07-07T00:00:00Z,4,5500,3190,2090,110,110,0,58,38,2,2,0
1,47552,abx,M,6,no,"NA",2019-01-14T00:00:00Z,2018-07-08T00:00:00Z,190,6100,4575,1342,183,0,0,75,22,3,0,0
1,47552,abx,M,4,no,"NA",2018-11-13T00:00:00Z,2018-07-08T00:00:00Z,128,4800,624,3984,96,96,0,13,83,2,2,0
1,47552,abx,M,3,no,"NA",2018-10-11T00:00:00Z,2018-07-08T00:00:00Z,95,5200,884,4316,0,0,0,17,83,0,0,0
1,47552,abx,M,2,no,"NA",2018-09-11T00:00:00Z,2018-07-08T00:00:00Z,65,7500,825,6675,0,0,0,11,89,0,0,0
1,47552,abx,M,1,no,"NA",2018-08-13T00:00:00Z,2018-07-08T00:00:00Z,36,6200,496,5518,124,62,0,8,89,2,1,0
1,47552,abx,M,0,no,"NA",2018-07-12T00:00:00Z,2018-07-08T00:00:00Z,4,3600,900,2664,0,36,0,25,74,0,1,0
1,47554,abx,F,6,no,"NA",2019-01-16T00:00:00Z,2018-07-11T00:00:00Z,189,9100,5642,2821,182,455,0,62,31,2,5,0
1,47554,abx,F,4,no,"NA",2018-11-15T00:00:00Z,2018-07-11T00:00:00Z,127,9300,2883,5487,186,651,0,31,59,2,7,0
1,47554,abx,F,2,no,"NA",2018-09-17T00:00:00Z,2018-07-11T00:00:00Z,68,9800,3626,5880,98,196,0,37,60,1,2,0
1,47554,abx,F,1,no,"NA",2018-08-16T00:00:00Z,2018-07-11T00:00:00Z,36,8200,3608,4428,0,164,0,44,54,0,2,0
1,47554,abx,F,0,no,"NA",2018-07-16T00:00:00Z,2018-07-11T00:00:00Z,5,8300,5229,2656,166,244,0,63,32,2,3,0
1,47557,control,F,6,no,"NA",2019-01-16T00:00:00Z,2018-07-13T00:00:00Z,187,10800,3672,6912,216,0,0,34,64,2,0,0
1,47557,control,F,4,no,"NA",2018-11-15T00:00:00Z,2018-07-13T00:00:00Z,125,9800,2352,7056,294,98,0,24,72,3,1,0
1,47557,control,F,2,no,"NA",2018-09-17T00:00:00Z,2018-07-13T00:00:00Z,66,7100,1704,5183,213,0,0,24,73,3,0,0
1,47557,control,F,1,no,"NA",2018-08-16T00:00:00Z,2018-07-13T00:00:00Z,34,7900,1501,6399,0,0,0,19,81,0,0,0
1,47557,control,F,0,no,"NA",2018-07-17T00:00:00Z,2018-07-13T00:00:00Z,4,7900,4266,3555,0,79,0,54,45,0,1,0
1,47453,control,M,5,no,"NA",2018-10-31T00:00:00Z,2018-05-26T00:00:00Z,158,10800,2376,8100,0,324,0,22,75,0,3,0
1,47455,control,F,5,no,"NA",2018-10-31T00:00:00Z,2018-05-27T00:00:00Z,157,10000,2200,7500,0,300,0,22,75,0,3,0
1,47457,control,F,5,no,"NA",2018-10-31T00:00:00Z,2018-05-28T00:00:00Z,156,3300,1089,2013,33,165,0,33,61,1,5,0
1,47505,abx,M,5,no,"NA",2018-11-19T00:00:00Z,2018-06-13T00:00:00Z,159,7900,2133,5609,79,79,0,27,71,1,1,0
1,47510,abx,F,5,no,"NA",2018-11-19T00:00:00Z,2018-06-14T00:00:00Z,158,6900,1035,5865,0,0,0,15,85,0,0,0
1,47551,abx,F,5,no,"NA",2018-12-12T00:00:00Z,2018-07-07T00:00:00Z,158,8100,3645,4293,0,162,0,45,53,0,2,0
1,47552,abx,M,5,no,"NA",2018-12-12T00:00:00Z,2018-07-08T00:00:00Z,157,8500,3485,4930,0,85,0,41,58,0,1,0
1,47554,abx,F,5,no,"NA",2018-12-17T00:00:00Z,2018-07-11T00:00:00Z,159,11400,6042,4104,570,684,0,53,36,5,6,0
1,47554,abx,F,3,no,"NA",2018-10-17T00:00:00Z,2018-07-11T00:00:00Z,98,12400,4340,7688,124,248,0,35,62,1,2,0
1,47557,control,F,5,no,"NA",2018-12-17T00:00:00Z,2018-07-13T00:00:00Z,157,7200,2736,4248,144,72,0,38,59,2,1,0
1,47557,control,F,3,no,"NA",2018-10-17T00:00:00Z,2018-07-13T00:00:00Z,96,9000,2070,6500,90,270,0,23,73,1,3,0
2,48062,abx_H1N1,M,6,yes,14,2019-11-05T00:00:00Z,2019-04-23T00:00:00Z,196,11800,8378,2832,412,0,118,71,24,4,0,1
2,48062,abx_H1N1,M,"NA",yes,14,2019-11-05T00:00:00Z,2019-04-23T00:00:00Z,196,11800,8378,2832,412,0,118,71,24,4,0,1
2,48062,abx_H1N1,M,"NA",yes,11,2019-11-02T00:00:00Z,2019-04-23T00:00:00Z,193,9000,2070,5940,540,450,0,23,66,6,5,0
2,48062,abx_H1N1,M,"NA",yes,7,2019-10-29T00:00:00Z,2019-04-23T00:00:00Z,189,6400,1920,3840,640,0,0,30,60,10,0,0
2,48062,abx_H1N1,M,"NA",yes,3,2019-10-25T00:00:00Z,2019-04-23T00:00:00Z,185,4900,1078,3577,245,0,0,22,73,5,0,0
2,48062,abx_H1N1,M,"NA",yes,2,2019-10-24T00:00:00Z,2019-04-23T00:00:00Z,184,3000,840,1950,60,150,0,28,65,2,5,0
2,48062,abx_H1N1,M,"NA",yes,1,2019-10-23T00:00:00Z,2019-04-23T00:00:00Z,183,8800,4664,3608,528,0,0,53,42,6,0,0
2,48062,abx_H1N1,M,"NA",yes,0,2019-10-22T00:00:00Z,2019-04-23T00:00:00Z,182,4100,2050,1845,164,41,0,50,45,4,1,0
2,48062,abx_H1N1,M,4,no,"NA",2019-08-28T00:00:00Z,2019-04-23T00:00:00Z,127,9600,1056,8064,480,0,0,11,84,5,0,0
2,48062,abx_H1N1,M,3,no,"NA",2019-07-29T00:00:00Z,2019-04-23T00:00:00Z,97,7700,1078,6545,0,77,0,14,85,0,1,0
2,48062,abx_H1N1,M,2,no,"NA",2019-06-29T00:00:00Z,2019-04-23T00:00:00Z,67,9200,1472,7544,184,0,0,16,82,2,0,0
2,48062,abx_H1N1,M,1,no,"NA",2019-05-29T00:00:00Z,2019-04-23T00:00:00Z,36,6900,1035,5451,207,207,0,15,79,3,3,0
2,48062,abx_H1N1,M,0,no,"NA",2019-04-29T00:00:00Z,2019-04-23T00:00:00Z,6,6400,1792,4352,192,0,64,28,68,3,0,1
2,48074,abx_H1N1,M,6,yes,14,2019-11-05T00:00:00Z,2019-04-24T00:00:00Z,195,10300,5356,4635,309,0,0,52,45,3,0,0
2,48074,abx_H1N1,M,"NA",yes,14,2019-11-05T00:00:00Z,2019-04-24T00:00:00Z,195,10300,5356,4635,309,0,0,52,45,3,0,0
2,48074,abx_H1N1,M,"NA",yes,11,2019-11-02T00:00:00Z,2019-04-24T00:00:00Z,192,1000,4400,5500,100,0,0,44,55,1,0,0
2,48074,abx_H1N1,M,"NA",yes,7,2019-10-29T00:00:00Z,2019-04-24T00:00:00Z,188,16600,13446,2822,332,0,0,81,17,2,0,0
2,48074,abx_H1N1,M,"NA",yes,3,2019-10-25T00:00:00Z,2019-04-24T00:00:00Z,184,11400,7980,2622,684,114,0,70,23,6,1,0
2,48074,abx_H1N1,M,"NA",yes,2,2019-10-24T00:00:00Z,2019-04-24T00:00:00Z,183,6600,4620,1814,0,66,0,70,29,0,1,0
2,48074,abx_H1N1,M,"NA",yes,1,2019-10-23T00:00:00Z,2019-04-24T00:00:00Z,182,12200,8662,3050,488,0,0,71,25,4,0,0
2,48074,abx_H1N1,M,"NA",yes,0,2019-10-22T00:00:00Z,2019-04-24T00:00:00Z,181,9500,7505,1805,180,0,0,79,19,2,0,0
2,48074,abx_H1N1,M,4,no,"NA",2019-08-28T00:00:00Z,2019-04-24T00:00:00Z,126,12200,5368,6466,244,122,0,44,53,2,1,0
2,48074,abx_H1N1,M,3,no,"NA",2019-07-29T00:00:00Z,2019-04-24T00:00:00Z,96,8400,3024,5292,0,84,0,36,63,0,1,0
2,48074,abx_H1N1,M,2,no,"NA",2019-06-28T00:00:00Z,2019-04-24T00:00:00Z,65,5000,1250,3700,50,0,0,25,74,1,0,0
2,48074,abx_H1N1,M,1,no,"NA",2019-05-29T00:00:00Z,2019-04-24T00:00:00Z,35,4300,602,3612,43,43,0,14,84,1,1,0
2,48074,abx_H1N1,M,0,no,"NA",2019-04-29T00:00:00Z,2019-04-24T00:00:00Z,5,6400,2560,3072,640,128,0,40,48,10,2,0
2,48190,control_H1N1,F,6,yes,14,2019-11-14T00:00:00Z,2019-05-09T00:00:00Z,189,12200,9638,2562,0,0,0,79,21,0,0,0
2,48190,control_H1N1,F,"NA",yes,14,2019-11-14T00:00:00Z,2019-05-09T00:00:00Z,189,12200,9638,2562,0,0,0,79,21,0,0,0
2,48190,control_H1N1,F,"NA",yes,11,2019-11-08T00:00:00Z,2019-05-09T00:00:00Z,183,8700,4698,4176,0,87,0,51,48,0,1,0
2,48190,control_H1N1,F,"NA",yes,7,2019-11-04T00:00:00Z,2019-05-09T00:00:00Z,179,5300,2332,2650,318,0,0,44,50,6,0,0
2,48190,control_H1N1,F,"NA",yes,3,2019-10-31T00:00:00Z,2019-05-09T00:00:00Z,175,10700,8132,2461,107,0,0,76,23,1,0,0
2,48190,control_H1N1,F,"NA",yes,2,2019-10-30T00:00:00Z,2019-05-09T00:00:00Z,174,5100,3264,1479,357,0,0,64,29,7,0,0
2,48190,control_H1N1,F,"NA",yes,1,2019-10-29T00:00:00Z,2019-05-09T00:00:00Z,173,9100,8372,728,0,0,0,92,8,0,0,0
2,48190,control_H1N1,F,"NA",yes,0,2019-10-28T00:00:00Z,2019-05-09T00:00:00Z,172,13800,11868,1932,0,0,0,86,14,0,0,0
2,48190,control_H1N1,F,5,no,"NA",2019-10-15T00:00:00Z,2019-05-09T00:00:00Z,159,9900,3465,6336,0,99,0,35,64,0,1,0
2,48190,control_H1N1,F,4,no,"NA",2019-09-13T00:00:00Z,2019-05-09T00:00:00Z,127,7300,1679,5475,146,0,0,23,75,2,0,0
2,48190,control_H1N1,F,3,no,"NA",2019-08-15T00:00:00Z,2019-05-09T00:00:00Z,98,9700,2037,7469,97,97,0,21,77,1,1,0
2,48190,control_H1N1,F,2,no,"NA",2019-07-15T00:00:00Z,2019-05-09T00:00:00Z,67,9100,2457,6006,364,273,0,27,66,4,3,0
2,48190,control_H1N1,F,1,no,"NA",2019-06-14T00:00:00Z,2019-05-09T00:00:00Z,36,4800,2496,2112,144,48,0,52,44,3,1,0
2,48190,control_H1N1,F,0,no,"NA",2019-05-13T00:00:00Z,2019-05-09T00:00:00Z,4,6200,4092,1674,434,0,0,66,27,7,0,0
2,48204,control_H1N1,M,6,yes,14,2019-11-14T00:00:00Z,2019-05-12T00:00:00Z,186,8700,2175,6438,87,0,0,25,74,1,0,0
2,48204,control_H1N1,M,"NA",yes,14,2019-11-14T00:00:00Z,2019-05-12T00:00:00Z,186,8700,2175,6438,87,0,0,25,74,1,0,0
2,48204,control_H1N1,M,"NA",yes,11,2019-11-08T00:00:00Z,2019-05-12T00:00:00Z,180,8700,2697,5220,609,174,0,31,60,7,2,0
2,48204,control_H1N1,M,"NA",yes,7,2019-11-04T00:00:00Z,2019-05-12T00:00:00Z,176,6100,976,4758,366,0,0,16,78,6,0,0
2,48204,control_H1N1,M,"NA",yes,3,2019-10-31T00:00:00Z,2019-05-12T00:00:00Z,172,6100,3721,2135,244,0,0,61,35,4,0,0
2,48204,control_H1N1,M,"NA",yes,2,2019-10-30T00:00:00Z,2019-05-12T00:00:00Z,171,5000,2900,2050,50,0,0,58,41,1,0,0
2,48204,control_H1N1,M,"NA",yes,1,2019-10-29T00:00:00Z,2019-05-12T00:00:00Z,170,10000,8200,1100,700,0,0,82,11,7,0,0
2,48204,control_H1N1,M,"NA",yes,0,2019-10-28T00:00:00Z,2019-05-12T00:00:00Z,169,9500,7505,1900,95,0,0,79,20,1,0,0
2,48204,control_H1N1,M,5,no,"NA",2019-10-15T00:00:00Z,2019-05-12T00:00:00Z,156,9400,4700,4606,94,0,0,50,49,1,0,0
2,48204,control_H1N1,M,4,no,"NA",2019-09-13T00:00:00Z,2019-05-12T00:00:00Z,124,7200,1008,6048,144,0,0,14,84,2,0,0
2,48204,control_H1N1,M,3,no,"NA",2019-08-15T00:00:00Z,2019-05-12T00:00:00Z,95,7600,836,6612,76,76,0,11,87,1,1,0
2,48204,control_H1N1,M,2,no,"NA",2019-07-15T00:00:00Z,2019-05-12T00:00:00Z,64,7700,1463,6237,0,0,0,19,81,0,0,0
2,48204,control_H1N1,M,1,no,"NA",2019-06-14T00:00:00Z,2019-05-12T00:00:00Z,33,5700,1197,4389,0,114,0,21,77,0,2,0
2,48204,control_H1N1,M,0,no,"NA",2019-05-16T00:00:00Z,2019-05-12T00:00:00Z,4,5200,2496,2652,52,0,0,48,51,1,0,0
2,48221,abx_H1N1,M,6,yes,14,2019-11-20T00:00:00Z,2019-05-14T00:00:00Z,190,18000,14880,3720,0,0,0,80,20,0,0,0
2,48221,abx_H1N1,M,"NA",yes,14,2019-11-20T00:00:00Z,2019-05-14T00:00:00Z,190,18000,14880,3720,0,0,0,80,20,0,0,0
2,48221,abx_H1N1,M,"NA",yes,11,2019-11-15T00:00:00Z,2019-05-14T00:00:00Z,185,13400,8040,5226,134,0,0,60,39,2,0,0
2,48221,abx_H1N1,M,"NA",yes,7,2019-11-11T00:00:00Z,2019-05-14T00:00:00Z,181,20200,8484,9292,2424,0,0,42,46,12,0,0
2,48221,abx_H1N1,M,"NA",yes,3,2019-11-07T00:00:00Z,2019-05-14T00:00:00Z,177,11400,4318,6498,570,114,0,37,57,5,1,0
2,48221,abx_H1N1,M,"NA",yes,2,2019-11-06T00:00:00Z,2019-05-14T00:00:00Z,176,12200,4148,7442,366,244,0,34,61,3,2,0
2,48221,abx_H1N1,M,"NA",yes,1,2019-11-05T00:00:00Z,2019-05-14T00:00:00Z,175,23100,18249,3927,693,0,0,79,17,3,0,0
2,48221,abx_H1N1,M,"NA",yes,0,2019-11-04T00:00:00Z,2019-05-14T00:00:00Z,174,15500,9300,6045,155,0,0,60,39,1,0,0
2,48221,abx_H1N1,M,5,no,"NA",2019-10-21T00:00:00Z,2019-05-14T00:00:00Z,160,16700,5511,10020,334,835,0,33,60,2,5,0
2,48221,abx_H1N1,M,4,no,"NA",2019-09-20T00:00:00Z,2019-05-14T00:00:00Z,129,14600,4964,8760,146,730,0,34,60,1,5,0
2,48221,abx_H1N1,M,3,no,"NA",2019-08-20T00:00:00Z,2019-05-14T00:00:00Z,98,12300,4305,7380,246,369,0,35,60,2,3,0
2,48221,abx_H1N1,M,2,no,"NA",2019-07-22T00:00:00Z,2019-05-14T00:00:00Z,69,11900,4403,7378,119,0,0,37,62,1,0,0
2,48221,abx_H1N1,M,1,no,"NA",2019-06-20T00:00:00Z,2019-05-14T00:00:00Z,37,10700,2033,8346,107,214,0,19,78,1,2,0
2,48221,abx_H1N1,M,0,no,"NA",2019-05-20T00:00:00Z,2019-05-14T00:00:00Z,6,11200,6720,3696,560,224,0,60,33,5,2,0
2,48230,abx_H1N1,M,6,yes,14,2019-11-20T00:00:00Z,2019-05-15T00:00:00Z,189,8100,3402,4455,0,243,0,42,55,0,3,0
2,48230,abx_H1N1,M,"NA",yes,14,2019-11-20T00:00:00Z,2019-05-15T00:00:00Z,189,8100,3402,4455,0,243,0,42,55,0,3,0
2,48230,abx_H1N1,M,"NA",yes,11,2019-11-15T00:00:00Z,2019-05-15T00:00:00Z,184,6600,4290,2112,132,66,0,65,32,2,1,0
2,48230,abx_H1N1,M,"NA",yes,7,2019-11-11T00:00:00Z,2019-05-15T00:00:00Z,180,5100,765,3825,255,255,0,15,75,5,5,0
2,48230,abx_H1N1,M,"NA",yes,3,2019-11-07T00:00:00Z,2019-05-15T00:00:00Z,176,5400,3456,1728,216,0,0,64,32,4,0,0
2,48230,abx_H1N1,M,"NA",yes,2,2019-11-06T00:00:00Z,2019-05-15T00:00:00Z,175,5000,2250,2550,200,0,0,45,51,4,0,0
2,48230,abx_H1N1,M,"NA",yes,1,2019-11-05T00:00:00Z,2019-05-15T00:00:00Z,174,7200,4464,2520,144,72,0,62,35,2,1,0
2,48230,abx_H1N1,M,"NA",yes,0,2019-11-04T00:00:00Z,2019-05-15T00:00:00Z,173,7900,6399,1501,0,0,0,81,19,0,0,0
2,48230,abx_H1N1,M,5,no,"NA",2019-10-21T00:00:00Z,2019-05-15T00:00:00Z,159,7700,1925,5544,77,77,154,25,72,1,2,0
2,48230,abx_H1N1,M,4,no,"NA",2019-09-20T00:00:00Z,2019-05-15T00:00:00Z,128,4300,989,3053,43,215,0,23,71,1,5,0
2,48230,abx_H1N1,M,3,no,"NA",2019-08-20T00:00:00Z,2019-05-15T00:00:00Z,97,6400,2176,3776,64,384,0,34,59,1,6,0
2,48230,abx_H1N1,M,2,no,"NA",2019-07-22T00:00:00Z,2019-05-15T00:00:00Z,68,5400,1404,3618,216,162,0,26,67,4,3,0
2,48230,abx_H1N1,M,1,no,"NA",2019-06-20T00:00:00Z,2019-05-15T00:00:00Z,36,6100,1403,4636,61,0,0,23,76,1,0,0
2,48230,abx_H1N1,M,0,no,"NA",2019-05-20T00:00:00Z,2019-05-15T00:00:00Z,5,8700,5568,2697,348,87,0,64,31,4,1,0
2,48348,control_H1N1,M,6,yes,14,2019-12-16T00:00:00Z,2019-06-15T00:00:00Z,184,16000,6880,8320,480,320,0,43,52,3,2,0
2,48348,control_H1N1,M,"NA",yes,14,2019-12-16T00:00:00Z,2019-06-15T00:00:00Z,184,16000,6880,8320,480,320,0,43,52,3,2,0
2,48348,control_H1N1,M,"NA",yes,11,2019-12-13T00:00:00Z,2019-06-15T00:00:00Z,181,18900,10206,8127,0,567,0,54,43,0,3,0
2,48348,control_H1N1,M,"NA",yes,7,2019-12-09T00:00:00Z,2019-06-15T00:00:00Z,177,9500,5890,3230,190,190,0,62,34,2,2,0
2,48348,control_H1N1,M,"NA",yes,3,2019-12-05T00:00:00Z,2019-06-15T00:00:00Z,173,10000,6400,2900,400,300,0,64,29,4,3,0
2,48348,control_H1N1,M,"NA",yes,2,2019-12-04T00:00:00Z,2019-06-15T00:00:00Z,172,9900,7227,2376,297,0,0,73,24,3,0,0
2,48348,control_H1N1,M,"NA",yes,1,2019-12-03T00:00:00Z,2019-06-15T00:00:00Z,171,12800,9216,3200,384,0,0,72,25,3,0,0
2,48348,control_H1N1,M,"NA",yes,0,2019-12-02T00:00:00Z,2019-06-15T00:00:00Z,170,7400,3330,3700,296,74,0,45,50,4,1,0
2,48348,control_H1N1,M,5,no,"NA",2019-11-26T00:00:00Z,2019-06-15T00:00:00Z,164,9100,3458,5278,273,91,0,38,58,3,1,0
2,48348,control_H1N1,M,4,no,"NA",2019-10-21T00:00:00Z,2019-06-15T00:00:00Z,128,12700,6731,5969,0,0,0,53,47,0,0,0
2,48348,control_H1N1,M,3,no,"NA",2019-09-20T00:00:00Z,2019-06-15T00:00:00Z,97,9200,3956,5060,92,92,0,43,55,1,1,0
2,48348,control_H1N1,M,2,no,"NA",2019-08-20T00:00:00Z,2019-06-15T00:00:00Z,66,6500,2015,4355,130,0,0,31,67,2,0,0
2,48348,control_H1N1,M,1,no,"NA",2019-07-22T00:00:00Z,2019-06-15T00:00:00Z,37,7200,1728,4968,360,144,0,24,69,5,2,0
2,48348,control_H1N1,M,0,no,"NA",2019-06-19T00:00:00Z,2019-06-15T00:00:00Z,4,4900,2499,2658,343,0,0,51,42,7,0,0
2,48363,control_H1N1,M,"NA",yes,14,2019-12-16T00:00:00Z,2019-06-24T00:00:00Z,175,18100,11765,5249,362,724,0,65,29,2,4,0
2,48363,control_H1N1,M,6,yes,14,2019-12-16T00:00:00Z,2019-06-24T00:00:00Z,175,18100,11765,5249,362,724,0,65,29,2,4,0
2,48363,control_H1N1,M,"NA",yes,11,2019-12-13T00:00:00Z,2019-06-24T00:00:00Z,172,11600,7424,3364,0,812,0,64,29,0,7,0
2,48363,control_H1N1,M,"NA",yes,7,2019-12-09T00:00:00Z,2019-06-24T00:00:00Z,168,16600,9794,5810,669,332,0,59,35,4,2,0
2,48363,control_H1N1,M,"NA",yes,3,2019-12-05T00:00:00Z,2019-06-24T00:00:00Z,164,17700,12744,4071,885,0,0,72,23,5,0,0
2,48363,control_H1N1,M,"NA",yes,2,2019-12-04T00:00:00Z,2019-06-24T00:00:00Z,163,15200,11704,3192,304,0,0,77,21,2,0,0
2,48363,control_H1N1,M,"NA",yes,1,2019-12-03T00:00:00Z,2019-06-24T00:00:00Z,162,16800,13182,2197,845,676,0,78,13,5,4,0
2,48363,control_H1N1,M,"NA",yes,0,2019-12-02T00:00:00Z,2019-06-24T00:00:00Z,161,9900,7524,2176,0,198,0,76,22,0,2,0
2,48363,control_H1N1,M,5,no,"NA",2019-11-26T00:00:00Z,2019-06-24T00:00:00Z,155,10900,3379,6431,654,436,0,31,59,6,4,0
2,48363,control_H1N1,M,4,no,"NA",2019-10-29T00:00:00Z,2019-06-24T00:00:00Z,127,12800,5632,6528,0,512,128,44,51,0,4,1
2,48363,control_H1N1,M,3,no,"NA",2019-09-30T00:00:00Z,2019-06-24T00:00:00Z,98,12000,3240,8040,360,360,0,27,67,3,3,0
2,48363,control_H1N1,M,2,no,"NA",2019-08-28T00:00:00Z,2019-06-24T00:00:00Z,65,10000,4500,4900,400,200,0,45,49,4,2,0
2,48363,control_H1N1,M,1,no,"NA",2019-07-29T00:00:00Z,2019-06-24T00:00:00Z,35,7600,2052,5016,152,380,0,27,66,2,5,0
2,48363,control_H1N1,M,0,no,"NA",2019-06-28T00:00:00Z,2019-06-24T00:00:00Z,4,7500,3825,3450,150,75,0,51,46,2,1,0
2,48381,abx,M,5,no,"NA",2019-12-17T00:00:00Z,2019-07-12T00:00:00Z,158,9300,2511,6231,279,279,0,27,67,3,3,0
2,48381,abx,M,4,no,"NA",2019-11-19T00:00:00Z,2019-07-12T00:00:00Z,130,10500,2835,6930,735,0,0,27,66,7,0,0
2,48381,abx,M,3,no,"NA",2019-10-15T00:00:00Z,2019-07-12T00:00:00Z,95,8600,1462,6364,258,516,0,17,74,3,6,0
2,48381,abx,M,2,no,"NA",2019-09-20T00:00:00Z,2019-07-12T00:00:00Z,70,7000,1120,5390,70,420,0,16,77,1,6,0
2,48381,abx,M,1,no,"NA",2019-08-15T00:00:00Z,2019-07-12T00:00:00Z,34,5700,912,4560,57,114,57,16,80,1,2,1
2,48381,abx,M,0,no,"NA",2019-07-17T00:00:00Z,2019-07-12T00:00:00Z,5,8900,5429,3026,356,89,0,61,34,4,1,0
2,48381,abx,M,6,no,"NA",2020-01-17T00:00:00Z,2019-07-12T00:00:00Z,189,11700,2340,8658,468,234,0,20,74,4,2,0
2,48408,abx,F,5,no,"NA",2020-01-16T00:00:00Z,2019-08-11T00:00:00Z,158,8300,2075,6059,0,166,0,25,73,0,2,0
2,48408,abx,F,4,no,"NA",2019-12-17T00:00:00Z,2019-08-11T00:00:00Z,128,11100,2553,8547,0,0,0,23,77,0,0,0
2,48408,abx,F,3,no,"NA",2019-11-19T00:00:00Z,2019-08-11T00:00:00Z,100,6500,845,5330,65,260,0,13,82,1,4,0
2,48408,abx,F,1,no,"NA",2019-09-13T00:00:00Z,2019-08-11T00:00:00Z,"NA","NA","NA","NA","NA","NA","NA","NA","NA","NA","NA","NA"
2,48408,abx,F,2,no,"NA",2019-10-15T00:00:00Z,2019-08-11T00:00:00Z,65,9100,1274,7371,192,273,0,14,81,2,3,0
2,48408,abx,F,0,no,"NA",2019-08-16T00:00:00Z,2019-08-11T00:00:00Z,5,5300,1908,3233,53,106,0,36,61,1,2,0
2,48408,abx,F,6,no,"NA",2020-02-10T00:00:00Z,2019-08-11T00:00:00Z,183,6600,1848,4686,0,66,0,28,71,0,1,0
2,48429,control,F,6,no,"NA",2020-03-21T00:00:00Z,2019-09-17T00:00:00Z,186,7500,1500,5475,150,375,0,20,73,2,5,0
2,48429,control,F,5,no,"NA",2020-02-20T00:00:00Z,2019-09-17T00:00:00Z,156,8200,3444,4510,0,246,0,42,55,0,3,0
2,48429,control,F,4,no,"NA",2020-01-16T00:00:00Z,2019-09-17T00:00:00Z,121,8800,2728,5192,440,440,0,31,59,5,5,0
2,48429,control,F,3,no,"NA",2019-12-17T00:00:00Z,2019-09-17T00:00:00Z,91,5300,2120,2915,0,265,0,40,55,0,5,0
2,48429,control,F,2,no,"NA",2019-11-19T00:00:00Z,2019-09-17T00:00:00Z,63,7500,4275,3000,75,150,0,57,40,1,2,0
2,48429,control,F,1,no,"NA",2019-10-21T00:00:00Z,2019-09-17T00:00:00Z,34,5500,1815,3190,165,330,0,33,58,3,6,0
2,48429,control,F,0,no,"NA",2019-09-20T00:00:00Z,2019-09-17T00:00:00Z,3,7100,3550,3266,213,71,0,50,46,3,1,0
